[
  {
    "featureType": "administrative.country",
    "elementType": "geometry.stroke",
    "stylers": [
      {
        "color": "#034b35"
      },
      {
        "weight": "0.79"
      }
    ]
  },
  {
    "featureType": "landscape.natural.landcover",
    "elementType": "geometry.fill",
    "stylers": [
      {
        "visibility": "on"
      }
    ]
  },
  {
    "featureType": "poi.medical",
    "elementType": "geometry.fill",
    "stylers": [
      {
        "color": "#f8c6ff"
      }
    ]
  },
  {
    "featureType": "poi.park",
    "elementType": "geometry",
    "stylers": [
      {
        "saturation": "32"
      },
      {
        "lightness": "-23"
      },
      {
        "gamma": "1.00"
      },
      {
        "weight": "1.00"
      }
    ]
  },
  {
    "featureType": "poi.school",
    "elementType": "geometry.fill",
    "stylers": [
      {
        "color": "#c6a67d"
      }
    ]
  },
  {
    "featureType": "poi.sports_complex",
    "elementType": "geometry.fill",
    "stylers": [
      {
        "color": "#fcd41c"
      }
    ]
  },
  {
    "featureType": "road.highway",
    "elementType": "geometry",
    "stylers": [
      {
        "visibility": "on"
      }
    ]
  },
  {
    "featureType": "road.highway",
    "elementType": "geometry.fill",
    "stylers": [
      {
        "color": "#3d3d3d"
      }
    ]
  },
  {
    "featureType": "road.highway.controlled_access",
    "elementType": "geometry.fill",
    "stylers": [
      {
        "color": "#313131"
      }
    ]
  },
  {
    "featureType": "road.arterial",
    "elementType": "geometry.fill",
    "stylers": [
      {
        "color": "#504f4f"
      }
    ]
  },
  {
    "featureType": "road.arterial",
    "elementType": "geometry.stroke",
    "stylers": [
      {
        "color": "#5b5b5b"
      }
    ]
  },
  {
    "featureType": "road.local",
    "elementType": "geometry.fill",
    "stylers": [
      {
        "color": "#ffffff"
      }
    ]
  },
  {
    "featureType": "road.local",
    "elementType": "geometry.stroke",
    "stylers": [
      {
        "color": "#585858"
      }
    ]
  },
  {
    "featureType": "transit.line",
    "elementType": "geometry.fill",
    "stylers": [
      {
        "color": "#ff0000"
      },
      {
        "saturation": "0"
      },
      {
        "lightness": "26"
      },
      {
        "gamma": "1.0"
      }
    ]
  },
  {
    "featureType": "transit.line",
    "elementType": "geometry.stroke",
    "stylers": [
      {
        "color": "#000000"
      }
    ]
  },
  {
    "featureType": "water",
    "elementType": "geometry.fill",
    "stylers": [
      {
        "color": "#4d97c7"
      }
    ]
  }
]